"month","avg_wt","sum_wt","nobs"
1976-01-01,1767.7917660023,112465144.3613,63619
1976-02-01,1785.04054537661,112216573.8851,62865
1976-03-01,1784.09227585454,112481665.715801,63047
1976-04-01,1793.97484676394,112704675.773098,62824
1976-05-01,1785.95745167415,112599259.4557,63047
1976-06-01,1791.35973398531,113110036.3233,63142
1976-07-01,1810.9048220737,113091006.138502,62450
1976-08-01,1822.53289804402,113212098.560699,62118
1976-09-01,1772.17794353362,113543440.842199,64070
1976-10-01,1758.0488411298,113963758.077398,64824
1976-11-01,1753.97041993114,114137871.106599,65074
1976-12-01,NA,NA,NA
1977-01-01,NA,NA,NA
1977-02-01,1778.0572167711,114362862.1255,64319
1977-03-01,1788.18868070476,114481627.527399,64021
1977-04-01,NA,NA,NA
1977-05-01,1538.87088326496,114805923.375099,74604
1977-06-01,NA,NA,NA
1977-07-01,NA,NA,NA
1977-08-01,NA,NA,NA
1977-09-01,NA,NA,NA
1977-10-01,NA,NA,NA
1977-11-01,NA,NA,NA
1977-12-01,1534.37939378872,116104954.348599,75669
1978-01-01,1553.28965434243,115322437.097,74244
1978-02-01,1573.65861334445,115791374.428498,73581
1978-03-01,1578.18615300961,116124515.3246,73581
1978-04-01,1590.33124404893,116340682.158399,73155
1978-05-01,1607.90621311918,116237148.052599,72291
1978-06-01,1588.98488647217,116544096.498302,73345
1978-07-01,1585.63515148413,117043658.706801,73815
1978-08-01,1594.90582286728,116699259.059199,73170
1978-09-01,1564.68507699294,117097901.791997,74838
1978-10-01,1563.7271779472,117324886.4342,75029
1978-11-01,1543.35034757573,117584776.2811,76188
1978-12-01,1574.50332411993,117676803.941399,74739
1979-01-01,1577.83797992272,117976523.596802,74771
1979-02-01,1597.08141547488,117704900.320499,73700
1979-03-01,1612.11176305298,117817963.979201,73083
1979-04-01,1614.98987453932,118222103.785902,73203
1979-05-01,1625.38185127633,118051483.8582,72630
1979-06-01,1600.71390051252,118681730.7257,74143
1979-07-01,1610.77494444129,118923514.1481,73830
1979-08-01,1600.3773341953,118823215.931998,74247
1979-09-01,1585.08453453422,118882925.174601,75001
1979-10-01,1599.10507102816,119232472.306002,74562
1979-11-01,1580.23310822338,119544634.637099,75650
1979-12-01,1581.43672156738,119887136.425302,75809
1980-01-01,1382.50850362477,122697629.696699,88750
1980-02-01,1391.48710583604,122481478.0299,88022
1980-03-01,1408.45523656987,122675042.649999,87099
1980-04-01,1400.4329693927,123121865.370098,87917
1980-05-01,1399.30297290026,122938561.290098,87857
1980-06-01,1398.98379035248,123402961.163202,88209
1980-07-01,1430.61911762364,123306492.367099,86191
1980-08-01,1429.04602606158,123611052.208301,86499
1980-09-01,1403.46524734383,123826335.307898,88229
1980-10-01,1390.72279765395,124190155.1077,89299
1980-11-01,1394.78478457,124102370.9919,88976
1980-12-01,1413.57061171483,124381491.6954,87991
1981-01-01,1388.94880569427,124667877.952701,89757
1981-02-01,1411.60155800981,124676884.4081,88323
1981-03-01,1439.20160736504,124788853.769801,86707
1981-04-01,1558.97778422411,124899064.160898,80116
1981-05-01,1556.23933282865,124883537.741501,80247
1981-06-01,1554.39059140239,125235695.5587,80569
1981-07-01,1559.54548849075,125476351.3675,80457
1981-08-01,1572.71790721873,125403807.7679,79737
1981-09-01,1555.78464412262,125576713.335002,80716
1981-10-01,1541.34651935741,125928010.6315,81700
1981-11-01,1539.21018093732,125953569.106101,81830
1981-12-01,1566.78303636115,126157370.0878,80520
1982-01-01,1564.94464472776,126492910.6887,80829
1982-02-01,1587.44815978827,126394209.930501,79621
1982-03-01,1610.05655296598,126455451.726501,78541
1982-04-01,1584.87413630185,126587067.014701,79872
1982-05-01,1569.54942390611,126661068.959799,80699
1982-06-01,1573.60789052222,126765130.836799,80557
1982-07-01,1583.59829301674,126901649.210896,80135
1982-08-01,1607.57437606408,126982299.965302,78990
1982-09-01,1573.00078937394,127203854.834302,80867
1982-10-01,1564.81356263881,127375823.998799,81400
1982-11-01,1561.46862528988,127523581.158799,81669
1982-12-01,1597.39968106029,127692935.704598,79938
1983-01-01,1585.62762167239,127787315.6582,80591
1983-02-01,1606.18488981029,127773614.169299,79551
1983-03-01,1624.71553517643,127731885.944501,78618
1983-04-01,1610.67821918034,128003819.4347,79472
1983-05-01,1609.20896373404,128054412.4981,79576
1983-06-01,1608.12928631761,128240269.937398,79745
1983-07-01,1622.08975131076,128579810.406901,79268
1983-08-01,1646.47231417554,128530214.733799,78064
1983-09-01,1610.14632305668,128404338.824801,79747
1983-10-01,1606.24897254769,128787436.369901,80179
1983-11-01,1608.12632877445,128892933.377601,80151
1983-12-01,1620.84784872643,128286865.530999,79148
1984-01-01,1615.50819552079,128686536.3306,79657
1984-02-01,1639.16218815196,128664396.7968,78494
1984-03-01,1639.88491496886,128560417.793899,78396
1984-04-01,1646.89514727761,128731206.082102,78166
1984-05-01,1650.22269101843,128687665.891,77982
1984-06-01,1656.86973750577,128871328.183199,77780
1984-07-01,1670.29913056303,128965466.169902,77211
1984-08-01,1667.09846571668,128925059.846199,77335
1984-09-01,1655.17114786262,129090108.164101,77992
1984-10-01,1658.84876754056,129265790.210598,77925
1984-11-01,1645.50541770918,129695446.013002,78818
1984-12-01,1639.34866721967,129746250.267101,79145
1985-01-01,1641.15050803772,129532727.298401,78928
1985-02-01,1647.4178377036,129259698.3819,78462
1985-03-01,1658.28058285969,129476889.629101,78079
1985-04-01,1663.2368004733,129670930.6753,77963
1985-05-01,1679.63091571222,129669186.323899,77201
1985-06-01,NA,NA,NA
1985-07-01,1691.66817121927,130586632.809101,77194
1985-08-01,1677.79854482286,130651850.483901,77871
1985-09-01,NA,NA,NA
1985-10-01,1663.51746056193,130970393.187501,78731
1985-11-01,1643.87653297746,131031754.567101,79709
1985-12-01,1681.30688404325,131160431.331098,78011
1986-01-01,1681.27144611466,131461976.914598,78192
1986-02-01,1701.28636001634,131244034.9571,77144
1986-03-01,1709.2875634767,131386097.8542,76866
1986-04-01,1695.7790501891,131836646.477901,77744
1986-05-01,1706.03828036361,131738569.971398,77219
1986-06-01,1750.84713537742,131907072.332199,75339
1986-07-01,1758.21239645106,132375811.328801,75290
1986-08-01,1727.85268031816,132509022.0536,76690
1986-09-01,1722.33527820215,132301184.395098,76815
1986-10-01,1707.95976676682,132419828.677198,77531
1986-11-01,1715.6083895624,132825832.7367,77422
1986-12-01,1730.54538400085,132696489.499801,76679
1987-01-01,1730.0926449603,132957619.765199,76850
1987-02-01,1758.13112741018,132689672.447901,75472
1987-03-01,1761.01670762091,132800030.938401,75411
1987-04-01,1720.85701132762,133337163.808698,77483
1987-05-01,1729.17275563097,133028718.436202,76932
1987-06-01,1751.35285667652,133099314.401702,75998
1987-07-01,1753.58203190919,133272234.425098,76000
1987-08-01,1735.99152139782,133879666.1302,77120
1987-09-01,1728.99622583626,133200140.2422,77039
1987-10-01,1727.34062212684,133164143.241002,77092
1987-11-01,1730.52500868499,133660560.095802,77237
1987-12-01,1742.54581268419,133519087.805301,76623
1988-01-01,1741.341390599,133606159.535099,76726
1988-02-01,1770.00031105821,133459793.4541,75401
1988-03-01,1894.72438795305,133356386.597299,70383
1988-04-01,1869.18952441186,133796586.157401,71580
1988-05-01,1885.32334901281,133303672.7153,70706
1988-06-01,1889.01305983993,133825241.2113,70844
1988-07-01,1896.86975331957,134169391.3918,70732
1988-08-01,1892.40596219901,134131842.194704,70879
1988-09-01,1854.09817765392,134414701.487198,72496
1988-10-01,1854.35482155896,134602053.4325,72587
1988-11-01,1840.03343325989,135303178.447899,73533
1988-12-01,1874.99378925047,135057677.633501,72031
1989-01-01,1877.57458049562,135540231.391398,72189
1989-02-01,1911.26392690799,135204721.453398,70741
1989-03-01,1923.07943917033,135552100.428799,70487
1989-04-01,1865.08059706247,135746161.095998,72783
1989-05-01,1859.88894569816,135626821.698201,72922
1989-06-01,1845.23212781126,136034202.926502,73722
1989-07-01,1853.6883351732,136212726.245197,73482
1989-08-01,1854.83868089043,136024594.6631,73335
1989-09-01,1817.52369073666,136265203.6656,74973
1989-10-01,1800.99039526628,136205301.613199,75628
1989-11-01,1784.07195681283,136381596.6666,76444
1989-12-01,1787.41146803704,136951466.680998,76620
1990-01-01,1796.62993956828,137488902.755402,76526
1990-02-01,1812.81279809207,137391269.1546,75789
1990-03-01,1810.30971233693,137509315.439401,75959
1990-04-01,1787.32375869244,137784788.5576,77090
1990-05-01,1813.16587077603,137737145.373501,75965
1990-06-01,1803.52947527321,137802276.6172,76407
1990-07-01,1819.48450734691,138339046.0626,76032
1990-08-01,1809.43506958509,138342167.680198,76456
1990-09-01,1796.46227707289,138555746.043801,77127
1990-10-01,1796.98879363421,138519084.168499,77084
1990-11-01,1783.26102180876,139128241.660497,78019
1990-12-01,1806.03069459799,138912656.905699,76916
1991-01-01,1819.41857644548,138867122.847201,76325
1991-02-01,1834.39155199501,139074395.514501,75815
1991-03-01,1837.23169784979,139273186.087201,75806
1991-04-01,1830.4598860352,139413316.300099,76163
1991-05-01,1846.91749142969,139493984.292701,75528
1991-06-01,1852.62902567306,139756775.809699,75437
1991-07-01,1861.12882666658,139759608.1097,75094
1991-08-01,1840.3199364542,139989456.926198,76068
1991-09-01,1824.05132058018,139904736.2885,76700
1991-10-01,1834.66067111032,140335029.393899,76491
1991-11-01,1815.0232681272,140633447.8843,77483
1991-12-01,1840.93754284816,140377010.4548,76253
1992-01-01,1836.63824570665,140399974.054799,76444
1992-02-01,1868.86756934016,140178149.773498,75007
1992-03-01,1900.5572850663,140031160.2064,73679
1992-04-01,1880.17953033784,140577263.1243,74768
1992-05-01,1876.67247297484,140855529.1316,75056
1992-06-01,1890.06372222817,140894800.173499,74545
1992-07-01,1889.38923943811,141088252.065801,74674
1992-08-01,1898.85795511101,141142111.803401,74330
1992-09-01,1893.02633710099,141151615.799598,74564
1992-10-01,1885.83329001396,141465784.250397,75015
1992-11-01,1871.91572750597,141758306.1283,75729
1992-12-01,1885.3538207181,142087805.344599,75364
1993-01-01,1889.66061643704,141945636.524901,75117
1993-02-01,1893.85936020806,141611439.800198,74774
1993-03-01,1923.13308368674,141382974.913398,73517
1993-04-01,1907.21169480784,141787839.027099,74343
1993-05-01,1924.7194263046,142111658.8412,73835
1993-06-01,1932.67525775318,142173389.986097,73563
1993-07-01,1934.62136457333,142295270.607098,73552
1993-08-01,1934.47700946855,142543872.9197,73686
1993-09-01,1925.01025128588,142441133.543899,73995
1993-10-01,1939.89340260241,142675279.974602,73548
1993-11-01,1942.33572847606,142823830.786302,73532
1993-12-01,1963.21795684449,140805918.300801,71722
1994-01-01,1924.95817287117,145062922.949398,75359
1994-02-01,1950.47997091303,145332213.112701,74511
1994-03-01,1944.1226622628,145387325.051999,74783
1994-04-01,1916.87078673946,145551832.5787,75932
1994-05-01,1942.61925753606,145682845.980402,74993
1994-06-01,1956.92226231803,145982486.9244,74598
1994-07-01,1965.84290733614,146123069.145203,74331
1994-08-01,1975.74699375573,146086732.718298,73940
1994-09-01,1972.61983231431,146348665.359399,74190
1994-10-01,1942.40362436084,146472772.505802,75408
1994-11-01,1948.28963528636,146807520.598098,75352
1994-12-01,1950.61403299822,146883187.298799,75301
1995-01-01,1948.16488941987,147123464.284099,75519
1995-02-01,1973.75844672329,147244353.884004,74601
1995-03-01,1983.09440436669,147506527.985603,74382
1995-04-01,1973.54745902106,147572011.2483,74775
1995-05-01,NA,NA,NA
1995-06-01,29255.8410115385,3042607.4652,104
1995-07-01,6228.18709507042,7959623.10749999,1278
1995-08-01,NA,NA,NA
1995-09-01,2031.0351873355,144640170.866097,71215
1995-10-01,2043.12268023275,148351137.8117,72610
1995-11-01,2051.84164833532,148524609.5564,72386
1995-12-01,2334.77663688032,148498798.435499,63603
1996-01-01,2304.11017191884,148119722.401802,64285
1996-02-01,2311.39665326116,148592756.6482,64287
1996-03-01,2295.30477224833,148669185.403297,64771
1996-04-01,2285.80927673983,148950189.900198,65163
1996-05-01,2291.33530552349,148801606.076001,64941
1996-06-01,2262.82977791586,149330925.534002,65993
1996-07-01,2281.72074690828,149185747.595104,65383
1996-08-01,2258.19803663743,149585296.1449,66241
1996-09-01,2252.65489520745,149657380.618002,66436
1996-10-01,2237.85749548804,149587346.428402,66844
1996-11-01,2218.06762182755,149987950.655601,67621
1996-12-01,2250.94615722021,149642900.532,66480
1997-01-01,2279.85883741981,150317932.7276,65933
1997-02-01,2313.66523295211,150529373.721097,65061
1997-03-01,2299.02822728933,150531172.209996,65476
1997-04-01,2285.64533043458,150704024.862204,65935
1997-05-01,2284.56039030098,150819823.2865,66017
1997-06-01,2295.97083171802,151049625.047897,65789
1997-07-01,2311.6858853538,150969270.114801,65307
1997-08-01,2267.6107535106,151179341.325798,66669
1997-09-01,2279.11504730354,151422124.6278,66439
1997-10-01,2265.16367081424,151575692.196205,66916
1997-11-01,2280.35404965207,151714235.277402,66531
1997-12-01,2298.52621243945,151479772.978397,65903
1998-01-01,2297.31864847515,151714923.545299,66040
1998-02-01,2340.32791347302,151800689.4516,64863
1998-03-01,2350.13727102067,152267743.9267,64791
1998-04-01,2299.09030787815,152277947.452002,66234
1998-05-01,2302.23060078932,152251114.091399,66132
1998-06-01,2318.97433902301,152433140.227,65733
1998-07-01,2326.87800954664,152652504.938297,65604
1998-08-01,2304.04110818871,152698020.404098,66274
1998-09-01,2314.77146185639,152770286.939598,65998
1998-10-01,2298.76323118888,153253947.0969,66668
1998-11-01,2289.83525449938,153160210.6677,66887
1998-12-01,2296.31547666251,151657859.340699,66044
1999-01-01,2319.08691587381,153180328.967297,66052
1999-02-01,2361.97828038228,153497882.507203,64987
1999-03-01,2382.16358448424,153685283.653001,64515
1999-04-01,2344.37808066017,153889665.970695,65642
1999-05-01,2338.98598307236,154010532.0554,65845
1999-06-01,2335.14893725158,154138511.050103,66008
1999-07-01,2335.79787554481,154349523.616001,66080
1999-08-01,2307.34427165586,154449010.8561,66938
1999-09-01,2313.1228287072,154553614.9229,66816
1999-10-01,2295.1642208773,154822597.683499,67456
1999-11-01,2286.05509203253,154909951.201401,67763
1999-12-01,2311.46088035625,154793912.235697,66968
2000-01-01,2342.46335822956,156781072.566304,66930
2000-02-01,2404.89048100855,156705068.632998,65161
2000-03-01,2389.55817606363,157201863.728698,65787
2000-04-01,2367.39543098869,157313426.389198,66450
2000-05-01,2392.63332266807,157471162.131399,65815
2000-06-01,2388.44224979937,157706453.312002,66029
2000-07-01,2398.93365242423,157638728.168101,65712
2000-08-01,2416.61882125569,149574205.3228,61894
2000-09-01,2412.1237798545,151500670.365101,62808
2000-10-01,2407.73030770801,158214366.249801,65711
2000-11-01,2394.94181178065,158427795.791102,66151
2000-12-01,2413.08836174059,158518187.571101,65691
2001-01-01,2456.73884725881,158631627.367501,64570
2001-02-01,2506.11094577239,158752103.970898,63346
2001-03-01,2517.92090375742,158349527.7164,62889
2001-04-01,2447.3377428917,155998202.407403,63742
2001-05-01,2511.1479188744,158536301.562297,63133
2001-06-01,2050.26469008178,156939560.967,76546
2001-07-01,2088.3555447581,159558717.041698,76404
2001-08-01,2052.5994763279,159640924.271402,77775
2001-09-01,2046.14818001662,159906480.268299,78150
2001-10-01,2067.08950243352,160116752.8585,77460
2001-11-01,2064.40993260095,160481034.9306,77737
2001-12-01,2069.26406039274,160401072.905404,77516
2002-01-01,2092.52240959761,156999863.869699,75029
2002-02-01,2113.26590821853,160709645.788202,76048
2002-03-01,2121.09928001446,158253096.182599,74609
2002-04-01,2086.8230244419,160879447.423299,77093
2002-05-01,2084.06973672981,161046488.905796,77275
2002-06-01,2085.61817766711,161187000.861002,77285
2002-07-01,2095.89475554461,161144964.174803,76886
2002-08-01,2061.719400129,161414073.555499,78291
2002-09-01,2060.12962964498,161516223.093796,78401
2002-10-01,2077.07182350369,161747814.111703,77873
2002-11-01,2053.72338108128,162051097.107599,78906
2002-12-01,2067.62511395303,157253228.041698,76055
2003-01-01,2098.01870440103,162938426.639897,77663
2003-02-01,2123.4372964434,163048132.807406,76785
2003-03-01,2109.44172645737,163374152.272397,77449
2003-04-01,2091.99602865029,163393257.821702,78104
2003-05-01,2121.91515310737,163512659.783301,77059
2003-06-01,2149.75721644014,163570727.084497,76088
2003-07-01,2168.78642102379,163877839.5454,75562
2003-08-01,2142.57274036559,164078220.457197,76580
2003-09-01,2143.40077451798,164182355.927303,76599
2003-10-01,2164.63988144121,164586228.745501,76034
2003-11-01,2166.36830509849,164778306.022402,76062
2003-12-01,2167.83445386199,164774929.003596,76009
2004-01-01,2159.84110780993,164547494.7985,76185
2004-02-01,2177.67482693838,164588663.420002,75580
2004-03-01,2196.19429691138,164824381.983199,75050
2004-04-01,2173.27066847323,164931684.301102,75891
2004-05-01,2199.26228580931,165254767.417997,75141
2004-06-01,2235.38648336531,165315771.990798,73954
2004-07-01,2230.1216255941,165345677.564798,74142
2004-08-01,2224.15778494457,165577426.300199,74445
2004-09-01,2198.91336893418,165828852.804803,75414
2004-10-01,2171.12230305905,166151647.608503,76528
2004-11-01,2181.02078663537,166309378.043307,76253
2004-12-01,2196.2239113517,166366157.508803,75751
2005-01-01,2208.70376328196,166160784.111702,75230
2005-02-01,2242.01063662901,166377367.333602,74209
2005-03-01,2252.47766056534,166685599.359496,74001
2005-04-01,2226.85863996588,167123514.0708,75049
2005-05-01,2236.42887492908,167159639.8277,74744
2005-06-01,2228.16060855575,167143239.890201,75014
2005-07-01,2227.78916122731,167075275.935403,74996
2005-08-01,2269.2583697513,167437228.8121,73785
2005-09-01,2253.887338724,167883052.312196,74486
2005-10-01,2226.68866247658,167983619.385896,75441
2005-11-01,2233.7511919512,168375697.346897,75378
2005-12-01,2266.98005538988,168389011.534305,74279
2006-01-01,2272.35938272464,168170500.837302,74007
2006-02-01,2284.17012417772,168400442.405002,73725
2006-03-01,2278.24057014237,168630810.520798,74018
2006-04-01,2277.56929946865,168890873.832798,74154
2006-05-01,2292.63344762448,168845575.5172,73647
2006-06-01,2279.28809024181,169273609.309898,74266
2006-07-01,2259.84611697274,169187899.239398,74867
2006-08-01,2271.61702443969,169453543.555103,74596
2006-09-01,2264.31636263505,169746740.441299,74966
2006-10-01,2269.20189462703,169990452.3303,74912
2006-11-01,2265.96884120307,169968056.809801,75009
2006-12-01,2320.77149925039,168109725.091201,72437
2007-01-01,2339.36712018323,170324641.286301,72808
2007-02-01,2359.18434205024,171128154.619299,72537
2007-03-01,2319.19404346982,171573975.335897,73980
2007-04-01,2295.92073045562,171668288.936897,74771
2007-05-01,2297.87404958567,171630510.637603,74691
2007-06-01,2313.55933353438,171834992.379599,74273
2007-07-01,2322.9869676418,171835991.970399,73972
2007-08-01,2334.08833308028,172169357.713001,73763
2007-09-01,2325.73703219665,172144077.9121,74017
2007-10-01,2327.78845981134,172542664.006596,74123
2007-11-01,2323.24680518404,172898350.488601,74421
2007-12-01,2338.95723664153,173103886.126603,74009
2008-01-01,2316.32940646434,172318693.535102,74393
2008-02-01,2345.25908905374,172880773.749597,73715
2008-03-01,2334.92417250531,173174321.102201,74167
2008-04-01,2334.21429833431,173205703.579301,74203
2008-05-01,2312.86002761354,173445999.190795,74992
2008-06-01,2330.01646751536,173513996.319401,74469
2008-07-01,2336.02035158126,173652744.875496,74337
2008-08-01,2357.56688234136,173934211.878498,73777
2008-09-01,2359.13355114752,174127647.410198,73810
2008-10-01,2373.10047114156,174579509.26,73566
2008-11-01,2379.21189725186,174710288.038999,73432
2008-12-01,2406.79462841579,174531119.2742,72516
2009-01-01,2328.30656497472,174224851.950493,74829
2009-02-01,2339.00918394229,174576628.461901,74637
2009-03-01,2314.57031122261,175016234.083098,75615
2009-04-01,2309.08989554679,175105214.049,75833
2009-05-01,2295.70853725418,175008748.920498,76233
2009-06-01,2335.19915701465,175123590.382,74993
2009-07-01,2326.27405392191,175214961.741398,75320
2009-08-01,2347.16421141546,175387151.369598,74723
2009-09-01,2345.93522731196,175490030.614299,74806
2009-10-01,2351.36820953781,175776530.503999,74755
2009-11-01,2330.64081726809,176201107.067102,75602
2009-12-01,2366.29871361067,176012397.214502,74383
2010-01-01,2320.59384520435,176040249.097202,75860
2010-02-01,2342.66452946192,176173057.944595,75202
2010-03-01,2328.35892770978,176573427.641799,75836
2010-04-01,2332.64088011572,176587912.547401,75703
2010-05-01,2331.75470888793,176614096.915299,75743
2010-06-01,2365.69296778776,176625002.668002,74661
2010-07-01,2345.5634785925,176611547.684101,75296
2010-08-01,2376.52647549295,177053598.950701,74501
2010-09-01,2369.13746209767,177093025.291801,74750
2010-10-01,2381.89610583776,177486988.3265,74515
2010-11-01,2361.14813402928,177648063.308095,75238
2010-12-01,2388.69650208193,172559435.310399,72240
2011-01-01,2368.74979782871,177386197.360201,74886
2011-02-01,2409.12335499213,177831849.572099,73816
2011-03-01,2392.42278405065,178096736.890298,74442
2011-04-01,2377.29657189191,178118945.649001,74925
2011-05-01,2386.71680703751,178185116.663,74657
2011-06-01,2410.2144861336,178266694.037899,73963
2011-07-01,2387.43501929094,178312746.720801,74688
2011-08-01,2418.45452157011,178394879.329097,73764
2011-09-01,2381.21415377414,178522006.322601,74971
2011-10-01,2389.90789991582,178824858.611201,74825
2011-11-01,2392.41164968002,179045695.450403,74839
2011-12-01,2419.81862792192,179090776.652501,74010
2012-01-01,2439.99799561006,180196291.973799,73851
2012-02-01,2458.02545647795,180446106.785503,73411
2012-03-01,2444.81235016654,180593398.682102,73868
2012-04-01,2436.43464252748,180534934.142001,74098
2012-05-01,2438.97697228536,180520880.603701,74015
2012-06-01,2443.13572889736,180428016.714799,73851
2012-07-01,2447.28809979958,180744462.610698,73855
2012-08-01,2455.78147457088,181133530.001399,73758
2012-09-01,2456.77557706067,181157717.5013,73738
2012-10-01,2447.16726294617,181474582.718299,74157
2012-11-01,2426.54194703505,181648503.613096,74859
2012-12-01,2442.19111306847,181344901.1009,74255
2013-01-01,2457.88125721738,181905333.965401,74009
2013-02-01,2500.79305113477,182037727.778202,72792
2013-03-01,2481.06546508112,182405451.927299,73519
2013-04-01,2453.73109595504,182351480.126995,74316
2013-05-01,2458.85533231667,182592138.122504,74259
2013-06-01,2506.18606540996,182410246.584799,72784
2013-07-01,2526.83656754569,182531093.129798,72237
2013-08-01,2502.03261405243,182803506.847898,73062
2013-09-01,2477.52886335268,182911000.923602,73828
2013-10-01,2485.4334077268,183477179.5918,73821
2013-11-01,2486.28652141438,183560047.589502,73829
2013-12-01,2494.24636648429,183274728.762899,73479
2014-01-01,2477.12233711027,183376412.371599,74028
2014-02-01,2534.14677398006,183487431.3168,72406
2014-03-01,2533.3119782893,183918449.623803,72600
2014-04-01,2520.45634830816,182574296.502398,72437
2014-05-01,2487.99685078537,183591775.616303,73791
2014-06-01,2508.00968798316,183954986.584501,73347
2014-07-01,2517.86506032947,184035792.989602,73092
2014-08-01,2500.81088439544,184364780.019401,73722
2014-09-01,2477.13541762589,184430163.2485,74453
2014-10-01,2439.6715045363,184790478.439597,75744
2014-11-01,2456.02413742297,185007386.223797,75328
2014-12-01,2512.23910852615,184835480.170703,73574
2015-01-01,2513.55936759821,185287028.782502,73715
2015-02-01,2581.18100563302,185442368.168699,71844
2015-03-01,2559.50309487805,185791770.154102,72589
2015-04-01,2551.32151097559,185940311.719901,72880
2015-05-01,2580.27505226685,186272636.298197,72191
2015-06-01,2645.58180301731,186058477.042601,70328
2015-07-01,2604.49196404099,186215966.445003,71498
2015-08-01,2592.74874945912,186711615.694799,72013
2015-09-01,2594.10705198341,186835372.205001,72023
2015-10-01,2562.70068079224,186920824.956305,72939
2015-11-01,2573.93621328426,187305338.240696,72770
2015-12-01,2600.00764600036,186989949.8927,71919
2016-01-01,2604.04576027928,187590248.478999,72038
2016-02-01,2643.52193618975,187713849.166898,71009
2016-03-01,2664.32017198403,187898515.809002,70524
2016-04-01,2628.00466447012,188154621.957403,71596
2016-05-01,2637.6019793789,187857925.777303,71223
2016-06-01,2613.04345213344,188128676.379799,71996
2016-07-01,2588.29860932286,188148602.508898,72692
2016-08-01,2571.9610796443,188136381.014901,73149
2016-09-01,2548.08530234863,188451292.7911,73958
2016-10-01,2575.55124352605,188991374.698698,73379
2016-11-01,2595.61968695648,189166167.165701,72879
2016-12-01,2632.73125060971,189322336.962595,71911
2017-01-01,2623.54702334669,188719608.030397,71933
2017-02-01,2648.6320882154,188905737.795699,71322
2017-03-01,2648.0129098925,188980737.340298,71367
2017-04-01,2648.36410069737,189114383.702597,71408
2017-05-01,2713.0418902651,189343193.521601,69790
2017-06-01,2711.42438840036,189081179.725099,69735
2017-07-01,2685.67482260374,189130592.357401,70422
2017-08-01,2660.19828054026,189456661.341797,71219
2017-09-01,2646.66876136871,189850843.590501,71732
2017-10-01,2651.83242209726,190115170.004997,71692
2017-11-01,2669.6581084156,190303908.600298,71284
2017-12-01,2694.52706930501,190096190.212399,70549
2018-01-01,2739.43807720616,190514221.079302,69545
2018-02-01,2776.35438831835,190871587.842498,68749
2018-03-01,2761.91611257852,191248881.2155,69245
2018-04-01,2736.00028815858,191243684.141997,69899
2018-05-01,2782.94201993447,191160287.349299,68690
2018-06-01,2812.52110770404,191150184.563997,67964
2018-07-01,2836.6260833385,191225474.156098,67413
2018-08-01,2778.05734374542,191366480.123903,68885
2018-09-01,2775.49469072577,191592398.5008,69030
2018-10-01,2766.35262075409,192087226.927301,69437
2018-11-01,2817.79179955752,192314290.319801,68250
2018-12-01,2854.45638887189,192176276.3808,67325
2019-01-01,2863.6120507958,191776099.041795,66970
2019-02-01,2901.13222144119,191837368.142799,66125
2019-03-01,2896.53430759254,192274843.8723,66381
2019-04-01,2902.01240201687,192226399.497195,66239
2019-05-01,2945.45864635706,192350231.441701,65304
2019-06-01,2958.77578122914,192145858.008802,64941
2019-07-01,2948.59205168888,192310122.2032,65221
2019-08-01,2896.30810557842,192468362.540003,66453
2019-09-01,2907.69398641258,192556218.862201,66223
2019-10-01,2884.00255152843,193127230.863101,66965
2019-11-01,2904.02404484358,193201815.679398,66529
2019-12-01,2946.94162716093,185946122.7906,63098
2020-01-01,2937.37863740093,192692038.613501,65600
2020-02-01,3116.78528329328,193181468.643801,61981
2020-03-01,3397.82901036059,193462190.362901,56937
2020-04-01,3505.25718666247,192981934.411702,55055
2020-05-01,3727.5547181439,193199161.041398,51830
2020-06-01,3881.96229719086,192914116.3589,49695
2020-07-01,3685.28245173306,193079318.211199,52392
2020-08-01,3487.12317087045,193165700.927197,55394
2020-09-01,3133.33510056645,193032242.205497,61606
2020-10-01,3071.38434688581,193948707.352798,63147
2020-11-01,3163.78206383705,194325821.924999,61422
2020-12-01,3226.61400436018,194106645.2743,60158
2021-01-01,3184.01408268264,193680392.635502,60829
2021-02-01,3242.25094011703,193935239.9831,59815
2021-03-01,3233.7357112839,194014441.4699,59997
2021-04-01,3161.89517623313,193783069.6658,61287
2021-05-01,3249.61976216487,193791074.516702,59635
2021-06-01,3381.71310598675,193863467.226902,57327
2021-07-01,3324.18661366316,193906453.5482,58332
2021-08-01,3388.13190791215,194197556.565801,57317
2021-09-01,3393.94169065777,194394798.215805,57277
2021-10-01,3404.57197426219,194819822.083205,57223
2021-11-01,3491.31358513183,194899089.576399,55824
2021-12-01,3495.06824774579,194657826.058202,55695
2022-01-01,3463.38947096529,195411360.730804,56422
2022-02-01,3509.03588325767,195590151.096899,55739
2022-03-01,3517.50836599202,195682507.908502,55631
2022-04-01,3390.86815123764,195625965.381202,57692
2022-05-01,3413.38621498687,195781593.133002,57357
2022-06-01,3494.5102629513,195793915.522898,56029
2022-07-01,3501.47757396129,196114257.439998,56009
2022-08-01,3494.95861685897,195923885.102497,56059
2022-09-01,3505.52769951047,196197374.286202,55968
2022-10-01,3524.07905859535,196492076.070101,55757
2022-11-01,3561.68276834611,196875576.7031,55276
2022-12-01,3602.66252207571,197206143.795902,54739
2023-01-01,3654.06078630179,197797964.423302,54131
2023-02-01,3715.31814006155,198056179.410401,53308
2023-03-01,3673.47017806584,197974328.306502,53893
2023-04-01,3556.92860532776,198017772.387202,55671
2023-05-01,3588.28738325581,198206230.188901,55237
2023-06-01,3572.6232349295,198076950.014196,55443
2023-07-01,3540.24617299353,198324590.611097,56020
2023-08-01,3576.10711671351,198366661.764098,55470
2023-09-01,3575.07656785538,198491826.123899,55521
2023-10-01,3535.7582581198,199194012.987695,56337
2023-11-01,3612.2622222368,199255996.440804,55161
2023-12-01,3610.60350258951,199110340.753801,55146
2024-01-01,3661.16378174179,198716986.581599,54277
2024-02-01,3702.26555258337,199204100.322301,53806
2024-03-01,3717.89046985425,199252903.950899,53593
2024-04-01,3597.12312632435,199161916.1352,55367
2024-05-01,3616.00982363182,199347005.566998,55129
2024-06-01,3635.4172954777,199122711.5252,54773
2024-07-01,3623.69474917301,199582235.700202,55077
2024-08-01,3595.79855364022,199778971.841697,55559
2024-09-01,3625.60660586675,199923199.460704,55142
2024-10-01,3618.18757646327,200411409.860301,55390
2024-11-01,3622.91965257078,200329342.188901,55295
